iter	Logloss
0	0.6594397949
1	0.628909331
2	0.6011684319
3	0.5766407282
4	0.5538662078
5	0.5325596928
6	0.5126759614
7	0.495099625
8	0.4784405014
9	0.4628098358
10	0.448561199
11	0.4355632982
12	0.4223956614
13	0.4099060142
14	0.3990799286
15	0.388824436
16	0.3790589052
17	0.3695902315
18	0.3611033046
19	0.3524723907
20	0.3446749555
21	0.3369601735
22	0.3305970648
23	0.3240099492
24	0.3176323246
25	0.3116664895
26	0.3064639592
27	0.3017964965
28	0.2965854404
29	0.2924374035
